{"cameraMode":{"drawMode":0,"name":"Shaded","section":"Shading Mode"},"sceneLighting":true,"audioPlay":false,"sceneViewState":{"showFog":true,"showMaterialUpdate":false,"showSkybox":true,"showFlares":true,"showImageEffects":true,"showParticleSystems":true},"in2DMode":false,"pivot":{"x":6.425369739532471,"y":4.079999923706055,"z":-12.399969100952149},"rotation":{"x":-0.15037451684474946,"y":0.6865390539169312,"z":-0.1485954076051712,"w":-0.6957642436027527},"size":1.819347620010376,"orthographic":false}