{"cameraMode":{"drawMode":0,"name":"Shaded","section":"Shading Mode"},"sceneLighting":true,"audioPlay":false,"sceneViewState":{"showFog":true,"showMaterialUpdate":false,"showSkybox":true,"showFlares":true,"showImageEffects":true,"showParticleSystems":true},"in2DMode":false,"pivot":{"x":24.579042434692384,"y":9.805896759033204,"z":-4.765870571136475},"rotation":{"x":-0.010775800794363022,"y":0.6285992860794067,"z":-0.008637781254947186,"w":-0.7776679992675781},"size":9.273748397827149,"orthographic":false}